autoWordCloud/ATTILA HILDMANN -2018-09-30 00:00:00-2020-04-30 00:00:00.png,2018-09-30 00:00:00 - 2020-04-30 00:00:00
autoWordCloud/ATTILA HILDMANN -2018-09-30 00:00:00-2020-05-31 00:00:00.png,2018-09-30 00:00:00 - 2020-05-31 00:00:00
autoWordCloud/ATTILA HILDMANN -2018-09-30 00:00:00-2020-06-30 00:00:00.png,2018-09-30 00:00:00 - 2020-06-30 00:00:00
autoWordCloud/ATTILA HILDMANN -2018-09-30 00:00:00-2020-07-31 00:00:00.png,2018-09-30 00:00:00 - 2020-07-31 00:00:00
autoWordCloud/ATTILA HILDMANN -2018-09-30 00:00:00-2020-08-31 00:00:00.png,2018-09-30 00:00:00 - 2020-08-31 00:00:00
autoWordCloud/ATTILA HILDMANN -2018-09-30 00:00:00-2020-09-30 00:00:00.png,2018-09-30 00:00:00 - 2020-09-30 00:00:00
autoWordCloud/ATTILA HILDMANN -2018-09-30 00:00:00-2020-10-31 00:00:00.png,2018-09-30 00:00:00 - 2020-10-31 00:00:00
autoWordCloud/ATTILA HILDMANN -2018-09-30 00:00:00-2020-11-30 00:00:00.png,2018-09-30 00:00:00 - 2020-11-30 00:00:00
autoWordCloud/ATTILA HILDMANN -2018-09-30 00:00:00-2020-12-31 00:00:00.png,2018-09-30 00:00:00 - 2020-12-31 00:00:00
autoWordCloud/ATTILA HILDMANN -2018-09-30 00:00:00-2021-01-31 00:00:00.png,2018-09-30 00:00:00 - 2021-01-31 00:00:00
