autoWordCloud/Oliver Janich ffentlich-2018-07-31 00:00:00-2018-08-31 00:00:00.png,2018-07-31 00:00:00 - 2018-08-31 00:00:00
autoWordCloud/Oliver Janich ffentlich-2018-08-31 00:00:00-2018-09-30 00:00:00.png,2018-08-31 00:00:00 - 2018-09-30 00:00:00
autoWordCloud/Oliver Janich ffentlich-2018-09-30 00:00:00-2018-10-31 00:00:00.png,2018-09-30 00:00:00 - 2018-10-31 00:00:00
autoWordCloud/Oliver Janich ffentlich-2018-10-31 00:00:00-2018-11-30 00:00:00.png,2018-10-31 00:00:00 - 2018-11-30 00:00:00
autoWordCloud/Oliver Janich ffentlich-2018-11-30 00:00:00-2018-12-31 00:00:00.png,2018-11-30 00:00:00 - 2018-12-31 00:00:00
autoWordCloud/Oliver Janich ffentlich-2018-12-31 00:00:00-2019-01-31 00:00:00.png,2018-12-31 00:00:00 - 2019-01-31 00:00:00
autoWordCloud/Oliver Janich ffentlich-2019-01-31 00:00:00-2019-02-28 00:00:00.png,2019-01-31 00:00:00 - 2019-02-28 00:00:00
autoWordCloud/Oliver Janich ffentlich-2019-02-28 00:00:00-2019-03-31 00:00:00.png,2019-02-28 00:00:00 - 2019-03-31 00:00:00
autoWordCloud/Oliver Janich ffentlich-2019-03-31 00:00:00-2019-04-30 00:00:00.png,2019-03-31 00:00:00 - 2019-04-30 00:00:00
autoWordCloud/Oliver Janich ffentlich-2019-04-30 00:00:00-2019-05-31 00:00:00.png,2019-04-30 00:00:00 - 2019-05-31 00:00:00
autoWordCloud/Oliver Janich ffentlich-2019-05-31 00:00:00-2019-06-30 00:00:00.png,2019-05-31 00:00:00 - 2019-06-30 00:00:00
autoWordCloud/Oliver Janich ffentlich-2019-06-30 00:00:00-2019-07-31 00:00:00.png,2019-06-30 00:00:00 - 2019-07-31 00:00:00
autoWordCloud/Oliver Janich ffentlich-2019-07-31 00:00:00-2019-08-31 00:00:00.png,2019-07-31 00:00:00 - 2019-08-31 00:00:00
autoWordCloud/Oliver Janich ffentlich-2019-08-31 00:00:00-2019-09-30 00:00:00.png,2019-08-31 00:00:00 - 2019-09-30 00:00:00
autoWordCloud/Oliver Janich ffentlich-2019-09-30 00:00:00-2019-10-31 00:00:00.png,2019-09-30 00:00:00 - 2019-10-31 00:00:00
autoWordCloud/Oliver Janich ffentlich-2019-10-31 00:00:00-2019-11-30 00:00:00.png,2019-10-31 00:00:00 - 2019-11-30 00:00:00
autoWordCloud/Oliver Janich ffentlich-2019-11-30 00:00:00-2019-12-31 00:00:00.png,2019-11-30 00:00:00 - 2019-12-31 00:00:00
autoWordCloud/Oliver Janich ffentlich-2019-12-31 00:00:00-2020-01-31 00:00:00.png,2019-12-31 00:00:00 - 2020-01-31 00:00:00
autoWordCloud/Oliver Janich ffentlich-2020-01-31 00:00:00-2020-02-29 00:00:00.png,2020-01-31 00:00:00 - 2020-02-29 00:00:00
autoWordCloud/Oliver Janich ffentlich-2020-02-29 00:00:00-2020-03-31 00:00:00.png,2020-02-29 00:00:00 - 2020-03-31 00:00:00
autoWordCloud/Oliver Janich ffentlich-2020-03-31 00:00:00-2020-04-30 00:00:00.png,2020-03-31 00:00:00 - 2020-04-30 00:00:00
autoWordCloud/Oliver Janich ffentlich-2020-04-30 00:00:00-2020-05-31 00:00:00.png,2020-04-30 00:00:00 - 2020-05-31 00:00:00
autoWordCloud/Oliver Janich ffentlich-2020-05-31 00:00:00-2020-06-30 00:00:00.png,2020-05-31 00:00:00 - 2020-06-30 00:00:00
autoWordCloud/Oliver Janich ffentlich-2020-06-30 00:00:00-2020-07-31 00:00:00.png,2020-06-30 00:00:00 - 2020-07-31 00:00:00
autoWordCloud/Oliver Janich ffentlich-2020-07-31 00:00:00-2020-08-31 00:00:00.png,2020-07-31 00:00:00 - 2020-08-31 00:00:00
autoWordCloud/Oliver Janich ffentlich-2020-08-31 00:00:00-2020-09-30 00:00:00.png,2020-08-31 00:00:00 - 2020-09-30 00:00:00
autoWordCloud/Oliver Janich ffentlich-2020-09-30 00:00:00-2020-10-31 00:00:00.png,2020-09-30 00:00:00 - 2020-10-31 00:00:00
autoWordCloud/Oliver Janich ffentlich-2020-10-31 00:00:00-2020-11-30 00:00:00.png,2020-10-31 00:00:00 - 2020-11-30 00:00:00
autoWordCloud/Oliver Janich ffentlich-2020-11-30 00:00:00-2020-12-31 00:00:00.png,2020-11-30 00:00:00 - 2020-12-31 00:00:00
autoWordCloud/Oliver Janich ffentlich-2020-12-31 00:00:00-2021-01-31 00:00:00.png,2020-12-31 00:00:00 - 2021-01-31 00:00:00
